CLASS,AGE,SEX,SURVIVED
1a,Adulto,Hombre,Sobrevive
1a,Adulto,Hombre,Sobrevive
1a,Adulto,Hombre,Sobrevive
1a,Adulto,Hombre,Sobrevive
1a,Adulto,Hombre,Sobrevive
1a,Adulto,Hombre,Sobrevive
1a,Adulto,Hombre,Sobrevive
1a,Adulto,Hombre,Sobrevive
1a,Adulto,Hombre,Sobrevive
1a,Adulto,Hombre,Sobrevive
1a,Adulto,Hombre,Sobrevive
1a,Adulto,Hombre,Sobrevive
1a,Adulto,Hombre,Sobrevive
1a,Adulto,Hombre,Sobrevive
1a,Adulto,Hombre,Sobrevive
1a,Adulto,Hombre,Sobrevive
1a,Adulto,Hombre,Sobrevive
1a,Adulto,Hombre,Sobrevive
1a,Adulto,Hombre,Sobrevive
1a,Adulto,Hombre,Sobrevive
1a,Adulto,Hombre,Sobrevive
1a,Adulto,Hombre,Sobrevive
1a,Adulto,Hombre,Sobrevive
1a,Adulto,Hombre,Sobrevive
1a,Adulto,Hombre,Sobrevive
1a,Adulto,Hombre,Sobrevive
1a,Adulto,Hombre,Sobrevive
1a,Adulto,Hombre,Sobrevive
1a,Adulto,Hombre,Sobrevive
1a,Adulto,Hombre,Sobrevive
1a,Adulto,Hombre,Sobrevive
1a,Adulto,Hombre,Sobrevive
1a,Adulto,Hombre,Sobrevive
1a,Adulto,Hombre,Sobrevive
1a,Adulto,Hombre,Sobrevive
1a,Adulto,Hombre,Sobrevive
1a,Adulto,Hombre,Sobrevive
1a,Adulto,Hombre,Sobrevive
1a,Adulto,Hombre,Sobrevive
1a,Adulto,Hombre,Sobrevive
1a,Adulto,Hombre,Sobrevive
1a,Adulto,Hombre,Sobrevive
1a,Adulto,Hombre,Sobrevive
1a,Adulto,Hombre,Sobrevive
1a,Adulto,Hombre,Sobrevive
1a,Adulto,Hombre,Sobrevive
1a,Adulto,Hombre,Sobrevive
1a,Adulto,Hombre,Sobrevive
1a,Adulto,Hombre,Sobrevive
1a,Adulto,Hombre,Sobrevive
1a,Adulto,Hombre,Sobrevive
1a,Adulto,Hombre,Sobrevive
1a,Adulto,Hombre,Sobrevive
1a,Adulto,Hombre,Sobrevive
1a,Adulto,Hombre,Sobrevive
1a,Adulto,Hombre,Sobrevive
1a,Adulto,Hombre,Sobrevive
1a,Adulto,Hombre,Muere
1a,Adulto,Hombre,Muere
1a,Adulto,Hombre,Muere
1a,Adulto,Hombre,Muere
1a,Adulto,Hombre,Muere
1a,Adulto,Hombre,Muere
1a,Adulto,Hombre,Muere
1a,Adulto,Hombre,Muere
1a,Adulto,Hombre,Muere
1a,Adulto,Hombre,Muere
1a,Adulto,Hombre,Muere
1a,Adulto,Hombre,Muere
1a,Adulto,Hombre,Muere
1a,Adulto,Hombre,Muere
1a,Adulto,Hombre,Muere
1a,Adulto,Hombre,Muere
1a,Adulto,Hombre,Muere
1a,Adulto,Hombre,Muere
1a,Adulto,Hombre,Muere
1a,Adulto,Hombre,Muere
1a,Adulto,Hombre,Muere
1a,Adulto,Hombre,Muere
1a,Adulto,Hombre,Muere
1a,Adulto,Hombre,Muere
1a,Adulto,Hombre,Muere
1a,Adulto,Hombre,Muere
1a,Adulto,Hombre,Muere
1a,Adulto,Hombre,Muere
1a,Adulto,Hombre,Muere
1a,Adulto,Hombre,Muere
1a,Adulto,Hombre,Muere
1a,Adulto,Hombre,Muere
1a,Adulto,Hombre,Muere
1a,Adulto,Hombre,Muere
1a,Adulto,Hombre,Muere
1a,Adulto,Hombre,Muere
1a,Adulto,Hombre,Muere
1a,Adulto,Hombre,Muere
1a,Adulto,Hombre,Muere
1a,Adulto,Hombre,Muere
1a,Adulto,Hombre,Muere
1a,Adulto,Hombre,Muere
1a,Adulto,Hombre,Muere
1a,Adulto,Hombre,Muere
1a,Adulto,Hombre,Muere
1a,Adulto,Hombre,Muere
1a,Adulto,Hombre,Muere
1a,Adulto,Hombre,Muere
1a,Adulto,Hombre,Muere
1a,Adulto,Hombre,Muere
1a,Adulto,Hombre,Muere
1a,Adulto,Hombre,Muere
1a,Adulto,Hombre,Muere
1a,Adulto,Hombre,Muere
1a,Adulto,Hombre,Muere
1a,Adulto,Hombre,Muere
1a,Adulto,Hombre,Muere
1a,Adulto,Hombre,Muere
1a,Adulto,Hombre,Muere
1a,Adulto,Hombre,Muere
1a,Adulto,Hombre,Muere
1a,Adulto,Hombre,Muere
1a,Adulto,Hombre,Muere
1a,Adulto,Hombre,Muere
1a,Adulto,Hombre,Muere
1a,Adulto,Hombre,Muere
1a,Adulto,Hombre,Muere
1a,Adulto,Hombre,Muere
1a,Adulto,Hombre,Muere
1a,Adulto,Hombre,Muere
1a,Adulto,Hombre,Muere
1a,Adulto,Hombre,Muere
1a,Adulto,Hombre,Muere
1a,Adulto,Hombre,Muere
1a,Adulto,Hombre,Muere
1a,Adulto,Hombre,Muere
1a,Adulto,Hombre,Muere
1a,Adulto,Hombre,Muere
1a,Adulto,Hombre,Muere
1a,Adulto,Hombre,Muere
1a,Adulto,Hombre,Muere
1a,Adulto,Hombre,Muere
1a,Adulto,Hombre,Muere
1a,Adulto,Hombre,Muere
1a,Adulto,Hombre,Muere
1a,Adulto,Hombre,Muere
1a,Adulto,Hombre,Muere
1a,Adulto,Hombre,Muere
1a,Adulto,Hombre,Muere
1a,Adulto,Hombre,Muere
1a,Adulto,Hombre,Muere
1a,Adulto,Hombre,Muere
1a,Adulto,Hombre,Muere
1a,Adulto,Hombre,Muere
1a,Adulto,Hombre,Muere
1a,Adulto,Hombre,Muere
1a,Adulto,Hombre,Muere
1a,Adulto,Hombre,Muere
1a,Adulto,Hombre,Muere
1a,Adulto,Hombre,Muere
1a,Adulto,Hombre,Muere
1a,Adulto,Hombre,Muere
1a,Adulto,Hombre,Muere
1a,Adulto,Hombre,Muere
1a,Adulto,Hombre,Muere
1a,Adulto,Hombre,Muere
1a,Adulto,Hombre,Muere
1a,Adulto,Hombre,Muere
1a,Adulto,Hombre,Muere
1a,Adulto,Hombre,Muere
1a,Adulto,Hombre,Muere
1a,Adulto,Hombre,Muere
1a,Adulto,Hombre,Muere
1a,Adulto,Hombre,Muere
1a,Adulto,Hombre,Muere
1a,Adulto,Hombre,Muere
1a,Adulto,Hombre,Muere
1a,Adulto,Hombre,Muere
1a,Adulto,Mujer,Sobrevive
1a,Adulto,Mujer,Sobrevive
1a,Adulto,Mujer,Sobrevive
1a,Adulto,Mujer,Sobrevive
1a,Adulto,Mujer,Sobrevive
1a,Adulto,Mujer,Sobrevive
1a,Adulto,Mujer,Sobrevive
1a,Adulto,Mujer,Sobrevive
1a,Adulto,Mujer,Sobrevive
1a,Adulto,Mujer,Sobrevive
1a,Adulto,Mujer,Sobrevive
1a,Adulto,Mujer,Sobrevive
1a,Adulto,Mujer,Sobrevive
1a,Adulto,Mujer,Sobrevive
1a,Adulto,Mujer,Sobrevive
1a,Adulto,Mujer,Sobrevive
1a,Adulto,Mujer,Sobrevive
1a,Adulto,Mujer,Sobrevive
1a,Adulto,Mujer,Sobrevive
1a,Adulto,Mujer,Sobrevive
1a,Adulto,Mujer,Sobrevive
1a,Adulto,Mujer,Sobrevive
1a,Adulto,Mujer,Sobrevive
1a,Adulto,Mujer,Sobrevive
1a,Adulto,Mujer,Sobrevive
1a,Adulto,Mujer,Sobrevive
1a,Adulto,Mujer,Sobrevive
1a,Adulto,Mujer,Sobrevive
1a,Adulto,Mujer,Sobrevive
1a,Adulto,Mujer,Sobrevive
1a,Adulto,Mujer,Sobrevive
1a,Adulto,Mujer,Sobrevive
1a,Adulto,Mujer,Sobrevive
1a,Adulto,Mujer,Sobrevive
1a,Adulto,Mujer,Sobrevive
1a,Adulto,Mujer,Sobrevive
1a,Adulto,Mujer,Sobrevive
1a,Adulto,Mujer,Sobrevive
1a,Adulto,Mujer,Sobrevive
1a,Adulto,Mujer,Sobrevive
1a,Adulto,Mujer,Sobrevive
1a,Adulto,Mujer,Sobrevive
1a,Adulto,Mujer,Sobrevive
1a,Adulto,Mujer,Sobrevive
1a,Adulto,Mujer,Sobrevive
1a,Adulto,Mujer,Sobrevive
1a,Adulto,Mujer,Sobrevive
1a,Adulto,Mujer,Sobrevive
1a,Adulto,Mujer,Sobrevive
1a,Adulto,Mujer,Sobrevive
1a,Adulto,Mujer,Sobrevive
1a,Adulto,Mujer,Sobrevive
1a,Adulto,Mujer,Sobrevive
1a,Adulto,Mujer,Sobrevive
1a,Adulto,Mujer,Sobrevive
1a,Adulto,Mujer,Sobrevive
1a,Adulto,Mujer,Sobrevive
1a,Adulto,Mujer,Sobrevive
1a,Adulto,Mujer,Sobrevive
1a,Adulto,Mujer,Sobrevive
1a,Adulto,Mujer,Sobrevive
1a,Adulto,Mujer,Sobrevive
1a,Adulto,Mujer,Sobrevive
1a,Adulto,Mujer,Sobrevive
1a,Adulto,Mujer,Sobrevive
1a,Adulto,Mujer,Sobrevive
1a,Adulto,Mujer,Sobrevive
1a,Adulto,Mujer,Sobrevive
1a,Adulto,Mujer,Sobrevive
1a,Adulto,Mujer,Sobrevive
1a,Adulto,Mujer,Sobrevive
1a,Adulto,Mujer,Sobrevive
1a,Adulto,Mujer,Sobrevive
1a,Adulto,Mujer,Sobrevive
1a,Adulto,Mujer,Sobrevive
1a,Adulto,Mujer,Sobrevive
1a,Adulto,Mujer,Sobrevive
1a,Adulto,Mujer,Sobrevive
1a,Adulto,Mujer,Sobrevive
1a,Adulto,Mujer,Sobrevive
1a,Adulto,Mujer,Sobrevive
1a,Adulto,Mujer,Sobrevive
1a,Adulto,Mujer,Sobrevive
1a,Adulto,Mujer,Sobrevive
1a,Adulto,Mujer,Sobrevive
1a,Adulto,Mujer,Sobrevive
1a,Adulto,Mujer,Sobrevive
1a,Adulto,Mujer,Sobrevive
1a,Adulto,Mujer,Sobrevive
1a,Adulto,Mujer,Sobrevive
1a,Adulto,Mujer,Sobrevive
1a,Adulto,Mujer,Sobrevive
1a,Adulto,Mujer,Sobrevive
1a,Adulto,Mujer,Sobrevive
1a,Adulto,Mujer,Sobrevive
1a,Adulto,Mujer,Sobrevive
1a,Adulto,Mujer,Sobrevive
1a,Adulto,Mujer,Sobrevive
1a,Adulto,Mujer,Sobrevive
1a,Adulto,Mujer,Sobrevive
1a,Adulto,Mujer,Sobrevive
1a,Adulto,Mujer,Sobrevive
1a,Adulto,Mujer,Sobrevive
1a,Adulto,Mujer,Sobrevive
1a,Adulto,Mujer,Sobrevive
1a,Adulto,Mujer,Sobrevive
1a,Adulto,Mujer,Sobrevive
1a,Adulto,Mujer,Sobrevive
1a,Adulto,Mujer,Sobrevive
1a,Adulto,Mujer,Sobrevive
1a,Adulto,Mujer,Sobrevive
1a,Adulto,Mujer,Sobrevive
1a,Adulto,Mujer,Sobrevive
1a,Adulto,Mujer,Sobrevive
1a,Adulto,Mujer,Sobrevive
1a,Adulto,Mujer,Sobrevive
1a,Adulto,Mujer,Sobrevive
1a,Adulto,Mujer,Sobrevive
1a,Adulto,Mujer,Sobrevive
1a,Adulto,Mujer,Sobrevive
1a,Adulto,Mujer,Sobrevive
1a,Adulto,Mujer,Sobrevive
1a,Adulto,Mujer,Sobrevive
1a,Adulto,Mujer,Sobrevive
1a,Adulto,Mujer,Sobrevive
1a,Adulto,Mujer,Sobrevive
1a,Adulto,Mujer,Sobrevive
1a,Adulto,Mujer,Sobrevive
1a,Adulto,Mujer,Sobrevive
1a,Adulto,Mujer,Sobrevive
1a,Adulto,Mujer,Sobrevive
1a,Adulto,Mujer,Sobrevive
1a,Adulto,Mujer,Sobrevive
1a,Adulto,Mujer,Sobrevive
1a,Adulto,Mujer,Sobrevive
1a,Adulto,Mujer,Sobrevive
1a,Adulto,Mujer,Sobrevive
1a,Adulto,Mujer,Sobrevive
1a,Adulto,Mujer,Sobrevive
1a,Adulto,Mujer,Sobrevive
1a,Adulto,Mujer,Muere
1a,Adulto,Mujer,Muere
1a,Adulto,Mujer,Muere
1a,Adulto,Mujer,Muere
1a,Menor,Hombre,Sobrevive
1a,Menor,Hombre,Sobrevive
1a,Menor,Hombre,Sobrevive
1a,Menor,Hombre,Sobrevive
1a,Menor,Hombre,Sobrevive
1a,Menor,Mujer,Sobrevive
2a,Adulto,Hombre,Sobrevive
2a,Adulto,Hombre,Sobrevive
2a,Adulto,Hombre,Sobrevive
2a,Adulto,Hombre,Sobrevive
2a,Adulto,Hombre,Sobrevive
2a,Adulto,Hombre,Sobrevive
2a,Adulto,Hombre,Sobrevive
2a,Adulto,Hombre,Sobrevive
2a,Adulto,Hombre,Sobrevive
2a,Adulto,Hombre,Sobrevive
2a,Adulto,Hombre,Sobrevive
2a,Adulto,Hombre,Sobrevive
2a,Adulto,Hombre,Sobrevive
2a,Adulto,Hombre,Sobrevive
2a,Adulto,Hombre,Muere
2a,Adulto,Hombre,Muere
2a,Adulto,Hombre,Muere
2a,Adulto,Hombre,Muere
2a,Adulto,Hombre,Muere
2a,Adulto,Hombre,Muere
2a,Adulto,Hombre,Muere
2a,Adulto,Hombre,Muere
2a,Adulto,Hombre,Muere
2a,Adulto,Hombre,Muere
2a,Adulto,Hombre,Muere
2a,Adulto,Hombre,Muere
2a,Adulto,Hombre,Muere
2a,Adulto,Hombre,Muere
2a,Adulto,Hombre,Muere
2a,Adulto,Hombre,Muere
2a,Adulto,Hombre,Muere
2a,Adulto,Hombre,Muere
2a,Adulto,Hombre,Muere
2a,Adulto,Hombre,Muere
2a,Adulto,Hombre,Muere
2a,Adulto,Hombre,Muere
2a,Adulto,Hombre,Muere
2a,Adulto,Hombre,Muere
2a,Adulto,Hombre,Muere
2a,Adulto,Hombre,Muere
2a,Adulto,Hombre,Muere
2a,Adulto,Hombre,Muere
2a,Adulto,Hombre,Muere
2a,Adulto,Hombre,Muere
2a,Adulto,Hombre,Muere
2a,Adulto,Hombre,Muere
2a,Adulto,Hombre,Muere
2a,Adulto,Hombre,Muere
2a,Adulto,Hombre,Muere
2a,Adulto,Hombre,Muere
2a,Adulto,Hombre,Muere
2a,Adulto,Hombre,Muere
2a,Adulto,Hombre,Muere
2a,Adulto,Hombre,Muere
2a,Adulto,Hombre,Muere
2a,Adulto,Hombre,Muere
2a,Adulto,Hombre,Muere
2a,Adulto,Hombre,Muere
2a,Adulto,Hombre,Muere
2a,Adulto,Hombre,Muere
2a,Adulto,Hombre,Muere
2a,Adulto,Hombre,Muere
2a,Adulto,Hombre,Muere
2a,Adulto,Hombre,Muere
2a,Adulto,Hombre,Muere
2a,Adulto,Hombre,Muere
2a,Adulto,Hombre,Muere
2a,Adulto,Hombre,Muere
2a,Adulto,Hombre,Muere
2a,Adulto,Hombre,Muere
2a,Adulto,Hombre,Muere
2a,Adulto,Hombre,Muere
2a,Adulto,Hombre,Muere
2a,Adulto,Hombre,Muere
2a,Adulto,Hombre,Muere
2a,Adulto,Hombre,Muere
2a,Adulto,Hombre,Muere
2a,Adulto,Hombre,Muere
2a,Adulto,Hombre,Muere
2a,Adulto,Hombre,Muere
2a,Adulto,Hombre,Muere
2a,Adulto,Hombre,Muere
2a,Adulto,Hombre,Muere
2a,Adulto,Hombre,Muere
2a,Adulto,Hombre,Muere
2a,Adulto,Hombre,Muere
2a,Adulto,Hombre,Muere
2a,Adulto,Hombre,Muere
2a,Adulto,Hombre,Muere
2a,Adulto,Hombre,Muere
2a,Adulto,Hombre,Muere
2a,Adulto,Hombre,Muere
2a,Adulto,Hombre,Muere
2a,Adulto,Hombre,Muere
2a,Adulto,Hombre,Muere
2a,Adulto,Hombre,Muere
2a,Adulto,Hombre,Muere
2a,Adulto,Hombre,Muere
2a,Adulto,Hombre,Muere
2a,Adulto,Hombre,Muere
2a,Adulto,Hombre,Muere
2a,Adulto,Hombre,Muere
2a,Adulto,Hombre,Muere
2a,Adulto,Hombre,Muere
2a,Adulto,Hombre,Muere
2a,Adulto,Hombre,Muere
2a,Adulto,Hombre,Muere
2a,Adulto,Hombre,Muere
2a,Adulto,Hombre,Muere
2a,Adulto,Hombre,Muere
2a,Adulto,Hombre,Muere
2a,Adulto,Hombre,Muere
2a,Adulto,Hombre,Muere
2a,Adulto,Hombre,Muere
2a,Adulto,Hombre,Muere
2a,Adulto,Hombre,Muere
2a,Adulto,Hombre,Muere
2a,Adulto,Hombre,Muere
2a,Adulto,Hombre,Muere
2a,Adulto,Hombre,Muere
2a,Adulto,Hombre,Muere
2a,Adulto,Hombre,Muere
2a,Adulto,Hombre,Muere
2a,Adulto,Hombre,Muere
2a,Adulto,Hombre,Muere
2a,Adulto,Hombre,Muere
2a,Adulto,Hombre,Muere
2a,Adulto,Hombre,Muere
2a,Adulto,Hombre,Muere
2a,Adulto,Hombre,Muere
2a,Adulto,Hombre,Muere
2a,Adulto,Hombre,Muere
2a,Adulto,Hombre,Muere
2a,Adulto,Hombre,Muere
2a,Adulto,Hombre,Muere
2a,Adulto,Hombre,Muere
2a,Adulto,Hombre,Muere
2a,Adulto,Hombre,Muere
2a,Adulto,Hombre,Muere
2a,Adulto,Hombre,Muere
2a,Adulto,Hombre,Muere
2a,Adulto,Hombre,Muere
2a,Adulto,Hombre,Muere
2a,Adulto,Hombre,Muere
2a,Adulto,Hombre,Muere
2a,Adulto,Hombre,Muere
2a,Adulto,Hombre,Muere
2a,Adulto,Hombre,Muere
2a,Adulto,Hombre,Muere
2a,Adulto,Hombre,Muere
2a,Adulto,Hombre,Muere
2a,Adulto,Hombre,Muere
2a,Adulto,Hombre,Muere
2a,Adulto,Hombre,Muere
2a,Adulto,Hombre,Muere
2a,Adulto,Hombre,Muere
2a,Adulto,Hombre,Muere
2a,Adulto,Hombre,Muere
2a,Adulto,Hombre,Muere
2a,Adulto,Hombre,Muere
2a,Adulto,Hombre,Muere
2a,Adulto,Hombre,Muere
2a,Adulto,Hombre,Muere
2a,Adulto,Hombre,Muere
2a,Adulto,Hombre,Muere
2a,Adulto,Hombre,Muere
2a,Adulto,Hombre,Muere
2a,Adulto,Hombre,Muere
2a,Adulto,Mujer,Sobrevive
2a,Adulto,Mujer,Sobrevive
2a,Adulto,Mujer,Sobrevive
2a,Adulto,Mujer,Sobrevive
2a,Adulto,Mujer,Sobrevive
2a,Adulto,Mujer,Sobrevive
2a,Adulto,Mujer,Sobrevive
2a,Adulto,Mujer,Sobrevive
2a,Adulto,Mujer,Sobrevive
2a,Adulto,Mujer,Sobrevive
2a,Adulto,Mujer,Sobrevive
2a,Adulto,Mujer,Sobrevive
2a,Adulto,Mujer,Sobrevive
2a,Adulto,Mujer,Sobrevive
2a,Adulto,Mujer,Sobrevive
2a,Adulto,Mujer,Sobrevive
2a,Adulto,Mujer,Sobrevive
2a,Adulto,Mujer,Sobrevive
2a,Adulto,Mujer,Sobrevive
2a,Adulto,Mujer,Sobrevive
2a,Adulto,Mujer,Sobrevive
2a,Adulto,Mujer,Sobrevive
2a,Adulto,Mujer,Sobrevive
2a,Adulto,Mujer,Sobrevive
2a,Adulto,Mujer,Sobrevive
2a,Adulto,Mujer,Sobrevive
2a,Adulto,Mujer,Sobrevive
2a,Adulto,Mujer,Sobrevive
2a,Adulto,Mujer,Sobrevive
2a,Adulto,Mujer,Sobrevive
2a,Adulto,Mujer,Sobrevive
2a,Adulto,Mujer,Sobrevive
2a,Adulto,Mujer,Sobrevive
2a,Adulto,Mujer,Sobrevive
2a,Adulto,Mujer,Sobrevive
2a,Adulto,Mujer,Sobrevive
2a,Adulto,Mujer,Sobrevive
2a,Adulto,Mujer,Sobrevive
2a,Adulto,Mujer,Sobrevive
2a,Adulto,Mujer,Sobrevive
2a,Adulto,Mujer,Sobrevive
2a,Adulto,Mujer,Sobrevive
2a,Adulto,Mujer,Sobrevive
2a,Adulto,Mujer,Sobrevive
2a,Adulto,Mujer,Sobrevive
2a,Adulto,Mujer,Sobrevive
2a,Adulto,Mujer,Sobrevive
2a,Adulto,Mujer,Sobrevive
2a,Adulto,Mujer,Sobrevive
2a,Adulto,Mujer,Sobrevive
2a,Adulto,Mujer,Sobrevive
2a,Adulto,Mujer,Sobrevive
2a,Adulto,Mujer,Sobrevive
2a,Adulto,Mujer,Sobrevive
2a,Adulto,Mujer,Sobrevive
2a,Adulto,Mujer,Sobrevive
2a,Adulto,Mujer,Sobrevive
2a,Adulto,Mujer,Sobrevive
2a,Adulto,Mujer,Sobrevive
2a,Adulto,Mujer,Sobrevive
2a,Adulto,Mujer,Sobrevive
2a,Adulto,Mujer,Sobrevive
2a,Adulto,Mujer,Sobrevive
2a,Adulto,Mujer,Sobrevive
2a,Adulto,Mujer,Sobrevive
2a,Adulto,Mujer,Sobrevive
2a,Adulto,Mujer,Sobrevive
2a,Adulto,Mujer,Sobrevive
2a,Adulto,Mujer,Sobrevive
2a,Adulto,Mujer,Sobrevive
2a,Adulto,Mujer,Sobrevive
2a,Adulto,Mujer,Sobrevive
2a,Adulto,Mujer,Sobrevive
2a,Adulto,Mujer,Sobrevive
2a,Adulto,Mujer,Sobrevive
2a,Adulto,Mujer,Sobrevive
2a,Adulto,Mujer,Sobrevive
2a,Adulto,Mujer,Sobrevive
2a,Adulto,Mujer,Sobrevive
2a,Adulto,Mujer,Sobrevive
2a,Adulto,Mujer,Muere
2a,Adulto,Mujer,Muere
2a,Adulto,Mujer,Muere
2a,Adulto,Mujer,Muere
2a,Adulto,Mujer,Muere
2a,Adulto,Mujer,Muere
2a,Adulto,Mujer,Muere
2a,Adulto,Mujer,Muere
2a,Adulto,Mujer,Muere
2a,Adulto,Mujer,Muere
2a,Adulto,Mujer,Muere
2a,Adulto,Mujer,Muere
2a,Adulto,Mujer,Muere
2a,Menor,Hombre,Sobrevive
2a,Menor,Hombre,Sobrevive
2a,Menor,Hombre,Sobrevive
2a,Menor,Hombre,Sobrevive
2a,Menor,Hombre,Sobrevive
2a,Menor,Hombre,Sobrevive
2a,Menor,Hombre,Sobrevive
2a,Menor,Hombre,Sobrevive
2a,Menor,Hombre,Sobrevive
2a,Menor,Hombre,Sobrevive
2a,Menor,Hombre,Sobrevive
2a,Menor,Mujer,Sobrevive
2a,Menor,Mujer,Sobrevive
2a,Menor,Mujer,Sobrevive
2a,Menor,Mujer,Sobrevive
2a,Menor,Mujer,Sobrevive
2a,Menor,Mujer,Sobrevive
2a,Menor,Mujer,Sobrevive
2a,Menor,Mujer,Sobrevive
2a,Menor,Mujer,Sobrevive
2a,Menor,Mujer,Sobrevive
2a,Menor,Mujer,Sobrevive
2a,Menor,Mujer,Sobrevive
2a,Menor,Mujer,Sobrevive
3a,Adulto,Hombre,Sobrevive
3a,Adulto,Hombre,Sobrevive
3a,Adulto,Hombre,Sobrevive
3a,Adulto,Hombre,Sobrevive
3a,Adulto,Hombre,Sobrevive
3a,Adulto,Hombre,Sobrevive
3a,Adulto,Hombre,Sobrevive
3a,Adulto,Hombre,Sobrevive
3a,Adulto,Hombre,Sobrevive
3a,Adulto,Hombre,Sobrevive
3a,Adulto,Hombre,Sobrevive
3a,Adulto,Hombre,Sobrevive
3a,Adulto,Hombre,Sobrevive
3a,Adulto,Hombre,Sobrevive
3a,Adulto,Hombre,Sobrevive
3a,Adulto,Hombre,Sobrevive
3a,Adulto,Hombre,Sobrevive
3a,Adulto,Hombre,Sobrevive
3a,Adulto,Hombre,Sobrevive
3a,Adulto,Hombre,Sobrevive
3a,Adulto,Hombre,Sobrevive
3a,Adulto,Hombre,Sobrevive
3a,Adulto,Hombre,Sobrevive
3a,Adulto,Hombre,Sobrevive
3a,Adulto,Hombre,Sobrevive
3a,Adulto,Hombre,Sobrevive
3a,Adulto,Hombre,Sobrevive
3a,Adulto,Hombre,Sobrevive
3a,Adulto,Hombre,Sobrevive
3a,Adulto,Hombre,Sobrevive
3a,Adulto,Hombre,Sobrevive
3a,Adulto,Hombre,Sobrevive
3a,Adulto,Hombre,Sobrevive
3a,Adulto,Hombre,Sobrevive
3a,Adulto,Hombre,Sobrevive
3a,Adulto,Hombre,Sobrevive
3a,Adulto,Hombre,Sobrevive
3a,Adulto,Hombre,Sobrevive
3a,Adulto,Hombre,Sobrevive
3a,Adulto,Hombre,Sobrevive
3a,Adulto,Hombre,Sobrevive
3a,Adulto,Hombre,Sobrevive
3a,Adulto,Hombre,Sobrevive
3a,Adulto,Hombre,Sobrevive
3a,Adulto,Hombre,Sobrevive
3a,Adulto,Hombre,Sobrevive
3a,Adulto,Hombre,Sobrevive
3a,Adulto,Hombre,Sobrevive
3a,Adulto,Hombre,Sobrevive
3a,Adulto,Hombre,Sobrevive
3a,Adulto,Hombre,Sobrevive
3a,Adulto,Hombre,Sobrevive
3a,Adulto,Hombre,Sobrevive
3a,Adulto,Hombre,Sobrevive
3a,Adulto,Hombre,Sobrevive
3a,Adulto,Hombre,Sobrevive
3a,Adulto,Hombre,Sobrevive
3a,Adulto,Hombre,Sobrevive
3a,Adulto,Hombre,Sobrevive
3a,Adulto,Hombre,Sobrevive
3a,Adulto,Hombre,Sobrevive
3a,Adulto,Hombre,Sobrevive
3a,Adulto,Hombre,Sobrevive
3a,Adulto,Hombre,Sobrevive
3a,Adulto,Hombre,Sobrevive
3a,Adulto,Hombre,Sobrevive
3a,Adulto,Hombre,Sobrevive
3a,Adulto,Hombre,Sobrevive
3a,Adulto,Hombre,Sobrevive
3a,Adulto,Hombre,Sobrevive
3a,Adulto,Hombre,Sobrevive
3a,Adulto,Hombre,Sobrevive
3a,Adulto,Hombre,Sobrevive
3a,Adulto,Hombre,Sobrevive
3a,Adulto,Hombre,Sobrevive
3a,Adulto,Hombre,Muere
3a,Adulto,Hombre,Muere
3a,Adulto,Hombre,Muere
3a,Adulto,Hombre,Muere
3a,Adulto,Hombre,Muere
3a,Adulto,Hombre,Muere
3a,Adulto,Hombre,Muere
3a,Adulto,Hombre,Muere
3a,Adulto,Hombre,Muere
3a,Adulto,Hombre,Muere
3a,Adulto,Hombre,Muere
3a,Adulto,Hombre,Muere
3a,Adulto,Hombre,Muere
3a,Adulto,Hombre,Muere
3a,Adulto,Hombre,Muere
3a,Adulto,Hombre,Muere
3a,Adulto,Hombre,Muere
3a,Adulto,Hombre,Muere
3a,Adulto,Hombre,Muere
3a,Adulto,Hombre,Muere
3a,Adulto,Hombre,Muere
3a,Adulto,Hombre,Muere
3a,Adulto,Hombre,Muere
3a,Adulto,Hombre,Muere
3a,Adulto,Hombre,Muere
3a,Adulto,Hombre,Muere
3a,Adulto,Hombre,Muere
3a,Adulto,Hombre,Muere
3a,Adulto,Hombre,Muere
3a,Adulto,Hombre,Muere
3a,Adulto,Hombre,Muere
3a,Adulto,Hombre,Muere
3a,Adulto,Hombre,Muere
3a,Adulto,Hombre,Muere
3a,Adulto,Hombre,Muere
3a,Adulto,Hombre,Muere
3a,Adulto,Hombre,Muere
3a,Adulto,Hombre,Muere
3a,Adulto,Hombre,Muere
3a,Adulto,Hombre,Muere
3a,Adulto,Hombre,Muere
3a,Adulto,Hombre,Muere
3a,Adulto,Hombre,Muere
3a,Adulto,Hombre,Muere
3a,Adulto,Hombre,Muere
3a,Adulto,Hombre,Muere
3a,Adulto,Hombre,Muere
3a,Adulto,Hombre,Muere
3a,Adulto,Hombre,Muere
3a,Adulto,Hombre,Muere
3a,Adulto,Hombre,Muere
3a,Adulto,Hombre,Muere
3a,Adulto,Hombre,Muere
3a,Adulto,Hombre,Muere
3a,Adulto,Hombre,Muere
3a,Adulto,Hombre,Muere
3a,Adulto,Hombre,Muere
3a,Adulto,Hombre,Muere
3a,Adulto,Hombre,Muere
3a,Adulto,Hombre,Muere
3a,Adulto,Hombre,Muere
3a,Adulto,Hombre,Muere
3a,Adulto,Hombre,Muere
3a,Adulto,Hombre,Muere
3a,Adulto,Hombre,Muere
3a,Adulto,Hombre,Muere
3a,Adulto,Hombre,Muere
3a,Adulto,Hombre,Muere
3a,Adulto,Hombre,Muere
3a,Adulto,Hombre,Muere
3a,Adulto,Hombre,Muere
3a,Adulto,Hombre,Muere
3a,Adulto,Hombre,Muere
3a,Adulto,Hombre,Muere
3a,Adulto,Hombre,Muere
3a,Adulto,Hombre,Muere
3a,Adulto,Hombre,Muere
3a,Adulto,Hombre,Muere
3a,Adulto,Hombre,Muere
3a,Adulto,Hombre,Muere
3a,Adulto,Hombre,Muere
3a,Adulto,Hombre,Muere
3a,Adulto,Hombre,Muere
3a,Adulto,Hombre,Muere
3a,Adulto,Hombre,Muere
3a,Adulto,Hombre,Muere
3a,Adulto,Hombre,Muere
3a,Adulto,Hombre,Muere
3a,Adulto,Hombre,Muere
3a,Adulto,Hombre,Muere
3a,Adulto,Hombre,Muere
3a,Adulto,Hombre,Muere
3a,Adulto,Hombre,Muere
3a,Adulto,Hombre,Muere
3a,Adulto,Hombre,Muere
3a,Adulto,Hombre,Muere
3a,Adulto,Hombre,Muere
3a,Adulto,Hombre,Muere
3a,Adulto,Hombre,Muere
3a,Adulto,Hombre,Muere
3a,Adulto,Hombre,Muere
3a,Adulto,Hombre,Muere
3a,Adulto,Hombre,Muere
3a,Adulto,Hombre,Muere
3a,Adulto,Hombre,Muere
3a,Adulto,Hombre,Muere
3a,Adulto,Hombre,Muere
3a,Adulto,Hombre,Muere
3a,Adulto,Hombre,Muere
3a,Adulto,Hombre,Muere
3a,Adulto,Hombre,Muere
3a,Adulto,Hombre,Muere
3a,Adulto,Hombre,Muere
3a,Adulto,Hombre,Muere
3a,Adulto,Hombre,Muere
3a,Adulto,Hombre,Muere
3a,Adulto,Hombre,Muere
3a,Adulto,Hombre,Muere
3a,Adulto,Hombre,Muere
3a,Adulto,Hombre,Muere
3a,Adulto,Hombre,Muere
3a,Adulto,Hombre,Muere
3a,Adulto,Hombre,Muere
3a,Adulto,Hombre,Muere
3a,Adulto,Hombre,Muere
3a,Adulto,Hombre,Muere
3a,Adulto,Hombre,Muere
3a,Adulto,Hombre,Muere
3a,Adulto,Hombre,Muere
3a,Adulto,Hombre,Muere
3a,Adulto,Hombre,Muere
3a,Adulto,Hombre,Muere
3a,Adulto,Hombre,Muere
3a,Adulto,Hombre,Muere
3a,Adulto,Hombre,Muere
3a,Adulto,Hombre,Muere
3a,Adulto,Hombre,Muere
3a,Adulto,Hombre,Muere
3a,Adulto,Hombre,Muere
3a,Adulto,Hombre,Muere
3a,Adulto,Hombre,Muere
3a,Adulto,Hombre,Muere
3a,Adulto,Hombre,Muere
3a,Adulto,Hombre,Muere
3a,Adulto,Hombre,Muere
3a,Adulto,Hombre,Muere
3a,Adulto,Hombre,Muere
3a,Adulto,Hombre,Muere
3a,Adulto,Hombre,Muere
3a,Adulto,Hombre,Muere
3a,Adulto,Hombre,Muere
3a,Adulto,Hombre,Muere
3a,Adulto,Hombre,Muere
3a,Adulto,Hombre,Muere
3a,Adulto,Hombre,Muere
3a,Adulto,Hombre,Muere
3a,Adulto,Hombre,Muere
3a,Adulto,Hombre,Muere
3a,Adulto,Hombre,Muere
3a,Adulto,Hombre,Muere
3a,Adulto,Hombre,Muere
3a,Adulto,Hombre,Muere
3a,Adulto,Hombre,Muere
3a,Adulto,Hombre,Muere
3a,Adulto,Hombre,Muere
3a,Adulto,Hombre,Muere
3a,Adulto,Hombre,Muere
3a,Adulto,Hombre,Muere
3a,Adulto,Hombre,Muere
3a,Adulto,Hombre,Muere
3a,Adulto,Hombre,Muere
3a,Adulto,Hombre,Muere
3a,Adulto,Hombre,Muere
3a,Adulto,Hombre,Muere
3a,Adulto,Hombre,Muere
3a,Adulto,Hombre,Muere
3a,Adulto,Hombre,Muere
3a,Adulto,Hombre,Muere
3a,Adulto,Hombre,Muere
3a,Adulto,Hombre,Muere
3a,Adulto,Hombre,Muere
3a,Adulto,Hombre,Muere
3a,Adulto,Hombre,Muere
3a,Adulto,Hombre,Muere
3a,Adulto,Hombre,Muere
3a,Adulto,Hombre,Muere
3a,Adulto,Hombre,Muere
3a,Adulto,Hombre,Muere
3a,Adulto,Hombre,Muere
3a,Adulto,Hombre,Muere
3a,Adulto,Hombre,Muere
3a,Adulto,Hombre,Muere
3a,Adulto,Hombre,Muere
3a,Adulto,Hombre,Muere
3a,Adulto,Hombre,Muere
3a,Adulto,Hombre,Muere
3a,Adulto,Hombre,Muere
3a,Adulto,Hombre,Muere
3a,Adulto,Hombre,Muere
3a,Adulto,Hombre,Muere
3a,Adulto,Hombre,Muere
3a,Adulto,Hombre,Muere
3a,Adulto,Hombre,Muere
3a,Adulto,Hombre,Muere
3a,Adulto,Hombre,Muere
3a,Adulto,Hombre,Muere
3a,Adulto,Hombre,Muere
3a,Adulto,Hombre,Muere
3a,Adulto,Hombre,Muere
3a,Adulto,Hombre,Muere
3a,Adulto,Hombre,Muere
3a,Adulto,Hombre,Muere
3a,Adulto,Hombre,Muere
3a,Adulto,Hombre,Muere
3a,Adulto,Hombre,Muere
3a,Adulto,Hombre,Muere
3a,Adulto,Hombre,Muere
3a,Adulto,Hombre,Muere
3a,Adulto,Hombre,Muere
3a,Adulto,Hombre,Muere
3a,Adulto,Hombre,Muere
3a,Adulto,Hombre,Muere
3a,Adulto,Hombre,Muere
3a,Adulto,Hombre,Muere
3a,Adulto,Hombre,Muere
3a,Adulto,Hombre,Muere
3a,Adulto,Hombre,Muere
3a,Adulto,Hombre,Muere
3a,Adulto,Hombre,Muere
3a,Adulto,Hombre,Muere
3a,Adulto,Hombre,Muere
3a,Adulto,Hombre,Muere
3a,Adulto,Hombre,Muere
3a,Adulto,Hombre,Muere
3a,Adulto,Hombre,Muere
3a,Adulto,Hombre,Muere
3a,Adulto,Hombre,Muere
3a,Adulto,Hombre,Muere
3a,Adulto,Hombre,Muere
3a,Adulto,Hombre,Muere
3a,Adulto,Hombre,Muere
3a,Adulto,Hombre,Muere
3a,Adulto,Hombre,Muere
3a,Adulto,Hombre,Muere
3a,Adulto,Hombre,Muere
3a,Adulto,Hombre,Muere
3a,Adulto,Hombre,Muere
3a,Adulto,Hombre,Muere
3a,Adulto,Hombre,Muere
3a,Adulto,Hombre,Muere
3a,Adulto,Hombre,Muere
3a,Adulto,Hombre,Muere
3a,Adulto,Hombre,Muere
3a,Adulto,Hombre,Muere
3a,Adulto,Hombre,Muere
3a,Adulto,Hombre,Muere
3a,Adulto,Hombre,Muere
3a,Adulto,Hombre,Muere
3a,Adulto,Hombre,Muere
3a,Adulto,Hombre,Muere
3a,Adulto,Hombre,Muere
3a,Adulto,Hombre,Muere
3a,Adulto,Hombre,Muere
3a,Adulto,Hombre,Muere
3a,Adulto,Hombre,Muere
3a,Adulto,Hombre,Muere
3a,Adulto,Hombre,Muere
3a,Adulto,Hombre,Muere
3a,Adulto,Hombre,Muere
3a,Adulto,Hombre,Muere
3a,Adulto,Hombre,Muere
3a,Adulto,Hombre,Muere
3a,Adulto,Hombre,Muere
3a,Adulto,Hombre,Muere
3a,Adulto,Hombre,Muere
3a,Adulto,Hombre,Muere
3a,Adulto,Hombre,Muere
3a,Adulto,Hombre,Muere
3a,Adulto,Hombre,Muere
3a,Adulto,Hombre,Muere
3a,Adulto,Hombre,Muere
3a,Adulto,Hombre,Muere
3a,Adulto,Hombre,Muere
3a,Adulto,Hombre,Muere
3a,Adulto,Hombre,Muere
3a,Adulto,Hombre,Muere
3a,Adulto,Hombre,Muere
3a,Adulto,Hombre,Muere
3a,Adulto,Hombre,Muere
3a,Adulto,Hombre,Muere
3a,Adulto,Hombre,Muere
3a,Adulto,Hombre,Muere
3a,Adulto,Hombre,Muere
3a,Adulto,Hombre,Muere
3a,Adulto,Hombre,Muere
3a,Adulto,Hombre,Muere
3a,Adulto,Hombre,Muere
3a,Adulto,Hombre,Muere
3a,Adulto,Hombre,Muere
3a,Adulto,Hombre,Muere
3a,Adulto,Hombre,Muere
3a,Adulto,Hombre,Muere
3a,Adulto,Hombre,Muere
3a,Adulto,Hombre,Muere
3a,Adulto,Hombre,Muere
3a,Adulto,Hombre,Muere
3a,Adulto,Hombre,Muere
3a,Adulto,Hombre,Muere
3a,Adulto,Hombre,Muere
3a,Adulto,Hombre,Muere
3a,Adulto,Hombre,Muere
3a,Adulto,Hombre,Muere
3a,Adulto,Hombre,Muere
3a,Adulto,Hombre,Muere
3a,Adulto,Hombre,Muere
3a,Adulto,Hombre,Muere
3a,Adulto,Hombre,Muere
3a,Adulto,Hombre,Muere
3a,Adulto,Hombre,Muere
3a,Adulto,Hombre,Muere
3a,Adulto,Hombre,Muere
3a,Adulto,Hombre,Muere
3a,Adulto,Hombre,Muere
3a,Adulto,Hombre,Muere
3a,Adulto,Hombre,Muere
3a,Adulto,Hombre,Muere
3a,Adulto,Hombre,Muere
3a,Adulto,Hombre,Muere
3a,Adulto,Hombre,Muere
3a,Adulto,Hombre,Muere
3a,Adulto,Hombre,Muere
3a,Adulto,Hombre,Muere
3a,Adulto,Hombre,Muere
3a,Adulto,Hombre,Muere
3a,Adulto,Hombre,Muere
3a,Adulto,Hombre,Muere
3a,Adulto,Hombre,Muere
3a,Adulto,Hombre,Muere
3a,Adulto,Hombre,Muere
3a,Adulto,Hombre,Muere
3a,Adulto,Hombre,Muere
3a,Adulto,Hombre,Muere
3a,Adulto,Hombre,Muere
3a,Adulto,Hombre,Muere
3a,Adulto,Hombre,Muere
3a,Adulto,Hombre,Muere
3a,Adulto,Hombre,Muere
3a,Adulto,Hombre,Muere
3a,Adulto,Hombre,Muere
3a,Adulto,Hombre,Muere
3a,Adulto,Hombre,Muere
3a,Adulto,Hombre,Muere
3a,Adulto,Hombre,Muere
3a,Adulto,Hombre,Muere
3a,Adulto,Hombre,Muere
3a,Adulto,Hombre,Muere
3a,Adulto,Hombre,Muere
3a,Adulto,Hombre,Muere
3a,Adulto,Hombre,Muere
3a,Adulto,Hombre,Muere
3a,Adulto,Hombre,Muere
3a,Adulto,Hombre,Muere
3a,Adulto,Hombre,Muere
3a,Adulto,Hombre,Muere
3a,Adulto,Hombre,Muere
3a,Adulto,Hombre,Muere
3a,Adulto,Hombre,Muere
3a,Adulto,Hombre,Muere
3a,Adulto,Hombre,Muere
3a,Adulto,Hombre,Muere
3a,Adulto,Hombre,Muere
3a,Adulto,Hombre,Muere
3a,Adulto,Hombre,Muere
3a,Adulto,Hombre,Muere
3a,Adulto,Hombre,Muere
3a,Adulto,Hombre,Muere
3a,Adulto,Hombre,Muere
3a,Adulto,Hombre,Muere
3a,Adulto,Hombre,Muere
3a,Adulto,Hombre,Muere
3a,Adulto,Hombre,Muere
3a,Adulto,Hombre,Muere
3a,Adulto,Hombre,Muere
3a,Adulto,Hombre,Muere
3a,Adulto,Hombre,Muere
3a,Adulto,Hombre,Muere
3a,Adulto,Hombre,Muere
3a,Adulto,Mujer,Sobrevive
3a,Adulto,Mujer,Sobrevive
3a,Adulto,Mujer,Sobrevive
3a,Adulto,Mujer,Sobrevive
3a,Adulto,Mujer,Sobrevive
3a,Adulto,Mujer,Sobrevive
3a,Adulto,Mujer,Sobrevive
3a,Adulto,Mujer,Sobrevive
3a,Adulto,Mujer,Sobrevive
3a,Adulto,Mujer,Sobrevive
3a,Adulto,Mujer,Sobrevive
3a,Adulto,Mujer,Sobrevive
3a,Adulto,Mujer,Sobrevive
3a,Adulto,Mujer,Sobrevive
3a,Adulto,Mujer,Sobrevive
3a,Adulto,Mujer,Sobrevive
3a,Adulto,Mujer,Sobrevive
3a,Adulto,Mujer,Sobrevive
3a,Adulto,Mujer,Sobrevive
3a,Adulto,Mujer,Sobrevive
3a,Adulto,Mujer,Sobrevive
3a,Adulto,Mujer,Sobrevive
3a,Adulto,Mujer,Sobrevive
3a,Adulto,Mujer,Sobrevive
3a,Adulto,Mujer,Sobrevive
3a,Adulto,Mujer,Sobrevive
3a,Adulto,Mujer,Sobrevive
3a,Adulto,Mujer,Sobrevive
3a,Adulto,Mujer,Sobrevive
3a,Adulto,Mujer,Sobrevive
3a,Adulto,Mujer,Sobrevive
3a,Adulto,Mujer,Sobrevive
3a,Adulto,Mujer,Sobrevive
3a,Adulto,Mujer,Sobrevive
3a,Adulto,Mujer,Sobrevive
3a,Adulto,Mujer,Sobrevive
3a,Adulto,Mujer,Sobrevive
3a,Adulto,Mujer,Sobrevive
3a,Adulto,Mujer,Sobrevive
3a,Adulto,Mujer,Sobrevive
3a,Adulto,Mujer,Sobrevive
3a,Adulto,Mujer,Sobrevive
3a,Adulto,Mujer,Sobrevive
3a,Adulto,Mujer,Sobrevive
3a,Adulto,Mujer,Sobrevive
3a,Adulto,Mujer,Sobrevive
3a,Adulto,Mujer,Sobrevive
3a,Adulto,Mujer,Sobrevive
3a,Adulto,Mujer,Sobrevive
3a,Adulto,Mujer,Sobrevive
3a,Adulto,Mujer,Sobrevive
3a,Adulto,Mujer,Sobrevive
3a,Adulto,Mujer,Sobrevive
3a,Adulto,Mujer,Sobrevive
3a,Adulto,Mujer,Sobrevive
3a,Adulto,Mujer,Sobrevive
3a,Adulto,Mujer,Sobrevive
3a,Adulto,Mujer,Sobrevive
3a,Adulto,Mujer,Sobrevive
3a,Adulto,Mujer,Sobrevive
3a,Adulto,Mujer,Sobrevive
3a,Adulto,Mujer,Sobrevive
3a,Adulto,Mujer,Sobrevive
3a,Adulto,Mujer,Sobrevive
3a,Adulto,Mujer,Sobrevive
3a,Adulto,Mujer,Sobrevive
3a,Adulto,Mujer,Sobrevive
3a,Adulto,Mujer,Sobrevive
3a,Adulto,Mujer,Sobrevive
3a,Adulto,Mujer,Sobrevive
3a,Adulto,Mujer,Sobrevive
3a,Adulto,Mujer,Sobrevive
3a,Adulto,Mujer,Sobrevive
3a,Adulto,Mujer,Sobrevive
3a,Adulto,Mujer,Sobrevive
3a,Adulto,Mujer,Sobrevive
3a,Adulto,Mujer,Muere
3a,Adulto,Mujer,Muere
3a,Adulto,Mujer,Muere
3a,Adulto,Mujer,Muere
3a,Adulto,Mujer,Muere
3a,Adulto,Mujer,Muere
3a,Adulto,Mujer,Muere
3a,Adulto,Mujer,Muere
3a,Adulto,Mujer,Muere
3a,Adulto,Mujer,Muere
3a,Adulto,Mujer,Muere
3a,Adulto,Mujer,Muere
3a,Adulto,Mujer,Muere
3a,Adulto,Mujer,Muere
3a,Adulto,Mujer,Muere
3a,Adulto,Mujer,Muere
3a,Adulto,Mujer,Muere
3a,Adulto,Mujer,Muere
3a,Adulto,Mujer,Muere
3a,Adulto,Mujer,Muere
3a,Adulto,Mujer,Muere
3a,Adulto,Mujer,Muere
3a,Adulto,Mujer,Muere
3a,Adulto,Mujer,Muere
3a,Adulto,Mujer,Muere
3a,Adulto,Mujer,Muere
3a,Adulto,Mujer,Muere
3a,Adulto,Mujer,Muere
3a,Adulto,Mujer,Muere
3a,Adulto,Mujer,Muere
3a,Adulto,Mujer,Muere
3a,Adulto,Mujer,Muere
3a,Adulto,Mujer,Muere
3a,Adulto,Mujer,Muere
3a,Adulto,Mujer,Muere
3a,Adulto,Mujer,Muere
3a,Adulto,Mujer,Muere
3a,Adulto,Mujer,Muere
3a,Adulto,Mujer,Muere
3a,Adulto,Mujer,Muere
3a,Adulto,Mujer,Muere
3a,Adulto,Mujer,Muere
3a,Adulto,Mujer,Muere
3a,Adulto,Mujer,Muere
3a,Adulto,Mujer,Muere
3a,Adulto,Mujer,Muere
3a,Adulto,Mujer,Muere
3a,Adulto,Mujer,Muere
3a,Adulto,Mujer,Muere
3a,Adulto,Mujer,Muere
3a,Adulto,Mujer,Muere
3a,Adulto,Mujer,Muere
3a,Adulto,Mujer,Muere
3a,Adulto,Mujer,Muere
3a,Adulto,Mujer,Muere
3a,Adulto,Mujer,Muere
3a,Adulto,Mujer,Muere
3a,Adulto,Mujer,Muere
3a,Adulto,Mujer,Muere
3a,Adulto,Mujer,Muere
3a,Adulto,Mujer,Muere
3a,Adulto,Mujer,Muere
3a,Adulto,Mujer,Muere
3a,Adulto,Mujer,Muere
3a,Adulto,Mujer,Muere
3a,Adulto,Mujer,Muere
3a,Adulto,Mujer,Muere
3a,Adulto,Mujer,Muere
3a,Adulto,Mujer,Muere
3a,Adulto,Mujer,Muere
3a,Adulto,Mujer,Muere
3a,Adulto,Mujer,Muere
3a,Adulto,Mujer,Muere
3a,Adulto,Mujer,Muere
3a,Adulto,Mujer,Muere
3a,Adulto,Mujer,Muere
3a,Adulto,Mujer,Muere
3a,Adulto,Mujer,Muere
3a,Adulto,Mujer,Muere
3a,Adulto,Mujer,Muere
3a,Adulto,Mujer,Muere
3a,Adulto,Mujer,Muere
3a,Adulto,Mujer,Muere
3a,Adulto,Mujer,Muere
3a,Adulto,Mujer,Muere
3a,Adulto,Mujer,Muere
3a,Adulto,Mujer,Muere
3a,Adulto,Mujer,Muere
3a,Adulto,Mujer,Muere
3a,Menor,Hombre,Sobrevive
3a,Menor,Hombre,Sobrevive
3a,Menor,Hombre,Sobrevive
3a,Menor,Hombre,Sobrevive
3a,Menor,Hombre,Sobrevive
3a,Menor,Hombre,Sobrevive
3a,Menor,Hombre,Sobrevive
3a,Menor,Hombre,Sobrevive
3a,Menor,Hombre,Sobrevive
3a,Menor,Hombre,Sobrevive
3a,Menor,Hombre,Sobrevive
3a,Menor,Hombre,Sobrevive
3a,Menor,Hombre,Sobrevive
3a,Menor,Hombre,Muere
3a,Menor,Hombre,Muere
3a,Menor,Hombre,Muere
3a,Menor,Hombre,Muere
3a,Menor,Hombre,Muere
3a,Menor,Hombre,Muere
3a,Menor,Hombre,Muere
3a,Menor,Hombre,Muere
3a,Menor,Hombre,Muere
3a,Menor,Hombre,Muere
3a,Menor,Hombre,Muere
3a,Menor,Hombre,Muere
3a,Menor,Hombre,Muere
3a,Menor,Hombre,Muere
3a,Menor,Hombre,Muere
3a,Menor,Hombre,Muere
3a,Menor,Hombre,Muere
3a,Menor,Hombre,Muere
3a,Menor,Hombre,Muere
3a,Menor,Hombre,Muere
3a,Menor,Hombre,Muere
3a,Menor,Hombre,Muere
3a,Menor,Hombre,Muere
3a,Menor,Hombre,Muere
3a,Menor,Hombre,Muere
3a,Menor,Hombre,Muere
3a,Menor,Hombre,Muere
3a,Menor,Hombre,Muere
3a,Menor,Hombre,Muere
3a,Menor,Hombre,Muere
3a,Menor,Hombre,Muere
3a,Menor,Hombre,Muere
3a,Menor,Hombre,Muere
3a,Menor,Hombre,Muere
3a,Menor,Hombre,Muere
3a,Menor,Mujer,Sobrevive
3a,Menor,Mujer,Sobrevive
3a,Menor,Mujer,Sobrevive
3a,Menor,Mujer,Sobrevive
3a,Menor,Mujer,Sobrevive
3a,Menor,Mujer,Sobrevive
3a,Menor,Mujer,Sobrevive
3a,Menor,Mujer,Sobrevive
3a,Menor,Mujer,Sobrevive
3a,Menor,Mujer,Sobrevive
3a,Menor,Mujer,Sobrevive
3a,Menor,Mujer,Sobrevive
3a,Menor,Mujer,Sobrevive
3a,Menor,Mujer,Sobrevive
3a,Menor,Mujer,Muere
3a,Menor,Mujer,Muere
3a,Menor,Mujer,Muere
3a,Menor,Mujer,Muere
3a,Menor,Mujer,Muere
3a,Menor,Mujer,Muere
3a,Menor,Mujer,Muere
3a,Menor,Mujer,Muere
3a,Menor,Mujer,Muere
3a,Menor,Mujer,Muere
3a,Menor,Mujer,Muere
3a,Menor,Mujer,Muere
3a,Menor,Mujer,Muere
3a,Menor,Mujer,Muere
3a,Menor,Mujer,Muere
3a,Menor,Mujer,Muere
3a,Menor,Mujer,Muere
crew,Adulto,Hombre,Sobrevive
crew,Adulto,Hombre,Sobrevive
crew,Adulto,Hombre,Sobrevive
crew,Adulto,Hombre,Sobrevive
crew,Adulto,Hombre,Sobrevive
crew,Adulto,Hombre,Sobrevive
crew,Adulto,Hombre,Sobrevive
crew,Adulto,Hombre,Sobrevive
crew,Adulto,Hombre,Sobrevive
crew,Adulto,Hombre,Sobrevive
crew,Adulto,Hombre,Sobrevive
crew,Adulto,Hombre,Sobrevive
crew,Adulto,Hombre,Sobrevive
crew,Adulto,Hombre,Sobrevive
crew,Adulto,Hombre,Sobrevive
crew,Adulto,Hombre,Sobrevive
crew,Adulto,Hombre,Sobrevive
crew,Adulto,Hombre,Sobrevive
crew,Adulto,Hombre,Sobrevive
crew,Adulto,Hombre,Sobrevive
crew,Adulto,Hombre,Sobrevive
crew,Adulto,Hombre,Sobrevive
crew,Adulto,Hombre,Sobrevive
crew,Adulto,Hombre,Sobrevive
crew,Adulto,Hombre,Sobrevive
crew,Adulto,Hombre,Sobrevive
crew,Adulto,Hombre,Sobrevive
crew,Adulto,Hombre,Sobrevive
crew,Adulto,Hombre,Sobrevive
crew,Adulto,Hombre,Sobrevive
crew,Adulto,Hombre,Sobrevive
crew,Adulto,Hombre,Sobrevive
crew,Adulto,Hombre,Sobrevive
crew,Adulto,Hombre,Sobrevive
crew,Adulto,Hombre,Sobrevive
crew,Adulto,Hombre,Sobrevive
crew,Adulto,Hombre,Sobrevive
crew,Adulto,Hombre,Sobrevive
crew,Adulto,Hombre,Sobrevive
crew,Adulto,Hombre,Sobrevive
crew,Adulto,Hombre,Sobrevive
crew,Adulto,Hombre,Sobrevive
crew,Adulto,Hombre,Sobrevive
crew,Adulto,Hombre,Sobrevive
crew,Adulto,Hombre,Sobrevive
crew,Adulto,Hombre,Sobrevive
crew,Adulto,Hombre,Sobrevive
crew,Adulto,Hombre,Sobrevive
crew,Adulto,Hombre,Sobrevive
crew,Adulto,Hombre,Sobrevive
crew,Adulto,Hombre,Sobrevive
crew,Adulto,Hombre,Sobrevive
crew,Adulto,Hombre,Sobrevive
crew,Adulto,Hombre,Sobrevive
crew,Adulto,Hombre,Sobrevive
crew,Adulto,Hombre,Sobrevive
crew,Adulto,Hombre,Sobrevive
crew,Adulto,Hombre,Sobrevive
crew,Adulto,Hombre,Sobrevive
crew,Adulto,Hombre,Sobrevive
crew,Adulto,Hombre,Sobrevive
crew,Adulto,Hombre,Sobrevive
crew,Adulto,Hombre,Sobrevive
crew,Adulto,Hombre,Sobrevive
crew,Adulto,Hombre,Sobrevive
crew,Adulto,Hombre,Sobrevive
crew,Adulto,Hombre,Sobrevive
crew,Adulto,Hombre,Sobrevive
crew,Adulto,Hombre,Sobrevive
crew,Adulto,Hombre,Sobrevive
crew,Adulto,Hombre,Sobrevive
crew,Adulto,Hombre,Sobrevive
crew,Adulto,Hombre,Sobrevive
crew,Adulto,Hombre,Sobrevive
crew,Adulto,Hombre,Sobrevive
crew,Adulto,Hombre,Sobrevive
crew,Adulto,Hombre,Sobrevive
crew,Adulto,Hombre,Sobrevive
crew,Adulto,Hombre,Sobrevive
crew,Adulto,Hombre,Sobrevive
crew,Adulto,Hombre,Sobrevive
crew,Adulto,Hombre,Sobrevive
crew,Adulto,Hombre,Sobrevive
crew,Adulto,Hombre,Sobrevive
crew,Adulto,Hombre,Sobrevive
crew,Adulto,Hombre,Sobrevive
crew,Adulto,Hombre,Sobrevive
crew,Adulto,Hombre,Sobrevive
crew,Adulto,Hombre,Sobrevive
crew,Adulto,Hombre,Sobrevive
crew,Adulto,Hombre,Sobrevive
crew,Adulto,Hombre,Sobrevive
crew,Adulto,Hombre,Sobrevive
crew,Adulto,Hombre,Sobrevive
crew,Adulto,Hombre,Sobrevive
crew,Adulto,Hombre,Sobrevive
crew,Adulto,Hombre,Sobrevive
crew,Adulto,Hombre,Sobrevive
crew,Adulto,Hombre,Sobrevive
crew,Adulto,Hombre,Sobrevive
crew,Adulto,Hombre,Sobrevive
crew,Adulto,Hombre,Sobrevive
crew,Adulto,Hombre,Sobrevive
crew,Adulto,Hombre,Sobrevive
crew,Adulto,Hombre,Sobrevive
crew,Adulto,Hombre,Sobrevive
crew,Adulto,Hombre,Sobrevive
crew,Adulto,Hombre,Sobrevive
crew,Adulto,Hombre,Sobrevive
crew,Adulto,Hombre,Sobrevive
crew,Adulto,Hombre,Sobrevive
crew,Adulto,Hombre,Sobrevive
crew,Adulto,Hombre,Sobrevive
crew,Adulto,Hombre,Sobrevive
crew,Adulto,Hombre,Sobrevive
crew,Adulto,Hombre,Sobrevive
crew,Adulto,Hombre,Sobrevive
crew,Adulto,Hombre,Sobrevive
crew,Adulto,Hombre,Sobrevive
crew,Adulto,Hombre,Sobrevive
crew,Adulto,Hombre,Sobrevive
crew,Adulto,Hombre,Sobrevive
crew,Adulto,Hombre,Sobrevive
crew,Adulto,Hombre,Sobrevive
crew,Adulto,Hombre,Sobrevive
crew,Adulto,Hombre,Sobrevive
crew,Adulto,Hombre,Sobrevive
crew,Adulto,Hombre,Sobrevive
crew,Adulto,Hombre,Sobrevive
crew,Adulto,Hombre,Sobrevive
crew,Adulto,Hombre,Sobrevive
crew,Adulto,Hombre,Sobrevive
crew,Adulto,Hombre,Sobrevive
crew,Adulto,Hombre,Sobrevive
crew,Adulto,Hombre,Sobrevive
crew,Adulto,Hombre,Sobrevive
crew,Adulto,Hombre,Sobrevive
crew,Adulto,Hombre,Sobrevive
crew,Adulto,Hombre,Sobrevive
crew,Adulto,Hombre,Sobrevive
crew,Adulto,Hombre,Sobrevive
crew,Adulto,Hombre,Sobrevive
crew,Adulto,Hombre,Sobrevive
crew,Adulto,Hombre,Sobrevive
crew,Adulto,Hombre,Sobrevive
crew,Adulto,Hombre,Sobrevive
crew,Adulto,Hombre,Sobrevive
crew,Adulto,Hombre,Sobrevive
crew,Adulto,Hombre,Sobrevive
crew,Adulto,Hombre,Sobrevive
crew,Adulto,Hombre,Sobrevive
crew,Adulto,Hombre,Sobrevive
crew,Adulto,Hombre,Sobrevive
crew,Adulto,Hombre,Sobrevive
crew,Adulto,Hombre,Sobrevive
crew,Adulto,Hombre,Sobrevive
crew,Adulto,Hombre,Sobrevive
crew,Adulto,Hombre,Sobrevive
crew,Adulto,Hombre,Sobrevive
crew,Adulto,Hombre,Sobrevive
crew,Adulto,Hombre,Sobrevive
crew,Adulto,Hombre,Sobrevive
crew,Adulto,Hombre,Sobrevive
crew,Adulto,Hombre,Sobrevive
crew,Adulto,Hombre,Sobrevive
crew,Adulto,Hombre,Sobrevive
crew,Adulto,Hombre,Sobrevive
crew,Adulto,Hombre,Sobrevive
crew,Adulto,Hombre,Sobrevive
crew,Adulto,Hombre,Sobrevive
crew,Adulto,Hombre,Sobrevive
crew,Adulto,Hombre,Sobrevive
crew,Adulto,Hombre,Sobrevive
crew,Adulto,Hombre,Sobrevive
crew,Adulto,Hombre,Sobrevive
crew,Adulto,Hombre,Sobrevive
crew,Adulto,Hombre,Sobrevive
crew,Adulto,Hombre,Sobrevive
crew,Adulto,Hombre,Sobrevive
crew,Adulto,Hombre,Sobrevive
crew,Adulto,Hombre,Sobrevive
crew,Adulto,Hombre,Sobrevive
crew,Adulto,Hombre,Sobrevive
crew,Adulto,Hombre,Sobrevive
crew,Adulto,Hombre,Sobrevive
crew,Adulto,Hombre,Sobrevive
crew,Adulto,Hombre,Sobrevive
crew,Adulto,Hombre,Sobrevive
crew,Adulto,Hombre,Sobrevive
crew,Adulto,Hombre,Sobrevive
crew,Adulto,Hombre,Sobrevive
crew,Adulto,Hombre,Sobrevive
crew,Adulto,Hombre,Muere
crew,Adulto,Hombre,Muere
crew,Adulto,Hombre,Muere
crew,Adulto,Hombre,Muere
crew,Adulto,Hombre,Muere
crew,Adulto,Hombre,Muere
crew,Adulto,Hombre,Muere
crew,Adulto,Hombre,Muere
crew,Adulto,Hombre,Muere
crew,Adulto,Hombre,Muere
crew,Adulto,Hombre,Muere
crew,Adulto,Hombre,Muere
crew,Adulto,Hombre,Muere
crew,Adulto,Hombre,Muere
crew,Adulto,Hombre,Muere
crew,Adulto,Hombre,Muere
crew,Adulto,Hombre,Muere
crew,Adulto,Hombre,Muere
crew,Adulto,Hombre,Muere
crew,Adulto,Hombre,Muere
crew,Adulto,Hombre,Muere
crew,Adulto,Hombre,Muere
crew,Adulto,Hombre,Muere
crew,Adulto,Hombre,Muere
crew,Adulto,Hombre,Muere
crew,Adulto,Hombre,Muere
crew,Adulto,Hombre,Muere
crew,Adulto,Hombre,Muere
crew,Adulto,Hombre,Muere
crew,Adulto,Hombre,Muere
crew,Adulto,Hombre,Muere
crew,Adulto,Hombre,Muere
crew,Adulto,Hombre,Muere
crew,Adulto,Hombre,Muere
crew,Adulto,Hombre,Muere
crew,Adulto,Hombre,Muere
crew,Adulto,Hombre,Muere
crew,Adulto,Hombre,Muere
crew,Adulto,Hombre,Muere
crew,Adulto,Hombre,Muere
crew,Adulto,Hombre,Muere
crew,Adulto,Hombre,Muere
crew,Adulto,Hombre,Muere
crew,Adulto,Hombre,Muere
crew,Adulto,Hombre,Muere
crew,Adulto,Hombre,Muere
crew,Adulto,Hombre,Muere
crew,Adulto,Hombre,Muere
crew,Adulto,Hombre,Muere
crew,Adulto,Hombre,Muere
crew,Adulto,Hombre,Muere
crew,Adulto,Hombre,Muere
crew,Adulto,Hombre,Muere
crew,Adulto,Hombre,Muere
crew,Adulto,Hombre,Muere
crew,Adulto,Hombre,Muere
crew,Adulto,Hombre,Muere
crew,Adulto,Hombre,Muere
crew,Adulto,Hombre,Muere
crew,Adulto,Hombre,Muere
crew,Adulto,Hombre,Muere
crew,Adulto,Hombre,Muere
crew,Adulto,Hombre,Muere
crew,Adulto,Hombre,Muere
crew,Adulto,Hombre,Muere
crew,Adulto,Hombre,Muere
crew,Adulto,Hombre,Muere
crew,Adulto,Hombre,Muere
crew,Adulto,Hombre,Muere
crew,Adulto,Hombre,Muere
crew,Adulto,Hombre,Muere
crew,Adulto,Hombre,Muere
crew,Adulto,Hombre,Muere
crew,Adulto,Hombre,Muere
crew,Adulto,Hombre,Muere
crew,Adulto,Hombre,Muere
crew,Adulto,Hombre,Muere
crew,Adulto,Hombre,Muere
crew,Adulto,Hombre,Muere
crew,Adulto,Hombre,Muere
crew,Adulto,Hombre,Muere
crew,Adulto,Hombre,Muere
crew,Adulto,Hombre,Muere
crew,Adulto,Hombre,Muere
crew,Adulto,Hombre,Muere
crew,Adulto,Hombre,Muere
crew,Adulto,Hombre,Muere
crew,Adulto,Hombre,Muere
crew,Adulto,Hombre,Muere
crew,Adulto,Hombre,Muere
crew,Adulto,Hombre,Muere
crew,Adulto,Hombre,Muere
crew,Adulto,Hombre,Muere
crew,Adulto,Hombre,Muere
crew,Adulto,Hombre,Muere
crew,Adulto,Hombre,Muere
crew,Adulto,Hombre,Muere
crew,Adulto,Hombre,Muere
crew,Adulto,Hombre,Muere
crew,Adulto,Hombre,Muere
crew,Adulto,Hombre,Muere
crew,Adulto,Hombre,Muere
crew,Adulto,Hombre,Muere
crew,Adulto,Hombre,Muere
crew,Adulto,Hombre,Muere
crew,Adulto,Hombre,Muere
crew,Adulto,Hombre,Muere
crew,Adulto,Hombre,Muere
crew,Adulto,Hombre,Muere
crew,Adulto,Hombre,Muere
crew,Adulto,Hombre,Muere
crew,Adulto,Hombre,Muere
crew,Adulto,Hombre,Muere
crew,Adulto,Hombre,Muere
crew,Adulto,Hombre,Muere
crew,Adulto,Hombre,Muere
crew,Adulto,Hombre,Muere
crew,Adulto,Hombre,Muere
crew,Adulto,Hombre,Muere
crew,Adulto,Hombre,Muere
crew,Adulto,Hombre,Muere
crew,Adulto,Hombre,Muere
crew,Adulto,Hombre,Muere
crew,Adulto,Hombre,Muere
crew,Adulto,Hombre,Muere
crew,Adulto,Hombre,Muere
crew,Adulto,Hombre,Muere
crew,Adulto,Hombre,Muere
crew,Adulto,Hombre,Muere
crew,Adulto,Hombre,Muere
crew,Adulto,Hombre,Muere
crew,Adulto,Hombre,Muere
crew,Adulto,Hombre,Muere
crew,Adulto,Hombre,Muere
crew,Adulto,Hombre,Muere
crew,Adulto,Hombre,Muere
crew,Adulto,Hombre,Muere
crew,Adulto,Hombre,Muere
crew,Adulto,Hombre,Muere
crew,Adulto,Hombre,Muere
crew,Adulto,Hombre,Muere
crew,Adulto,Hombre,Muere
crew,Adulto,Hombre,Muere
crew,Adulto,Hombre,Muere
crew,Adulto,Hombre,Muere
crew,Adulto,Hombre,Muere
crew,Adulto,Hombre,Muere
crew,Adulto,Hombre,Muere
crew,Adulto,Hombre,Muere
crew,Adulto,Hombre,Muere
crew,Adulto,Hombre,Muere
crew,Adulto,Hombre,Muere
crew,Adulto,Hombre,Muere
crew,Adulto,Hombre,Muere
crew,Adulto,Hombre,Muere
crew,Adulto,Hombre,Muere
crew,Adulto,Hombre,Muere
crew,Adulto,Hombre,Muere
crew,Adulto,Hombre,Muere
crew,Adulto,Hombre,Muere
crew,Adulto,Hombre,Muere
crew,Adulto,Hombre,Muere
crew,Adulto,Hombre,Muere
crew,Adulto,Hombre,Muere
crew,Adulto,Hombre,Muere
crew,Adulto,Hombre,Muere
crew,Adulto,Hombre,Muere
crew,Adulto,Hombre,Muere
crew,Adulto,Hombre,Muere
crew,Adulto,Hombre,Muere
crew,Adulto,Hombre,Muere
crew,Adulto,Hombre,Muere
crew,Adulto,Hombre,Muere
crew,Adulto,Hombre,Muere
crew,Adulto,Hombre,Muere
crew,Adulto,Hombre,Muere
crew,Adulto,Hombre,Muere
crew,Adulto,Hombre,Muere
crew,Adulto,Hombre,Muere
crew,Adulto,Hombre,Muere
crew,Adulto,Hombre,Muere
crew,Adulto,Hombre,Muere
crew,Adulto,Hombre,Muere
crew,Adulto,Hombre,Muere
crew,Adulto,Hombre,Muere
crew,Adulto,Hombre,Muere
crew,Adulto,Hombre,Muere
crew,Adulto,Hombre,Muere
crew,Adulto,Hombre,Muere
crew,Adulto,Hombre,Muere
crew,Adulto,Hombre,Muere
crew,Adulto,Hombre,Muere
crew,Adulto,Hombre,Muere
crew,Adulto,Hombre,Muere
crew,Adulto,Hombre,Muere
crew,Adulto,Hombre,Muere
crew,Adulto,Hombre,Muere
crew,Adulto,Hombre,Muere
crew,Adulto,Hombre,Muere
crew,Adulto,Hombre,Muere
crew,Adulto,Hombre,Muere
crew,Adulto,Hombre,Muere
crew,Adulto,Hombre,Muere
crew,Adulto,Hombre,Muere
crew,Adulto,Hombre,Muere
crew,Adulto,Hombre,Muere
crew,Adulto,Hombre,Muere
crew,Adulto,Hombre,Muere
crew,Adulto,Hombre,Muere
crew,Adulto,Hombre,Muere
crew,Adulto,Hombre,Muere
crew,Adulto,Hombre,Muere
crew,Adulto,Hombre,Muere
crew,Adulto,Hombre,Muere
crew,Adulto,Hombre,Muere
crew,Adulto,Hombre,Muere
crew,Adulto,Hombre,Muere
crew,Adulto,Hombre,Muere
crew,Adulto,Hombre,Muere
crew,Adulto,Hombre,Muere
crew,Adulto,Hombre,Muere
crew,Adulto,Hombre,Muere
crew,Adulto,Hombre,Muere
crew,Adulto,Hombre,Muere
crew,Adulto,Hombre,Muere
crew,Adulto,Hombre,Muere
crew,Adulto,Hombre,Muere
crew,Adulto,Hombre,Muere
crew,Adulto,Hombre,Muere
crew,Adulto,Hombre,Muere
crew,Adulto,Hombre,Muere
crew,Adulto,Hombre,Muere
crew,Adulto,Hombre,Muere
crew,Adulto,Hombre,Muere
crew,Adulto,Hombre,Muere
crew,Adulto,Hombre,Muere
crew,Adulto,Hombre,Muere
crew,Adulto,Hombre,Muere
crew,Adulto,Hombre,Muere
crew,Adulto,Hombre,Muere
crew,Adulto,Hombre,Muere
crew,Adulto,Hombre,Muere
crew,Adulto,Hombre,Muere
crew,Adulto,Hombre,Muere
crew,Adulto,Hombre,Muere
crew,Adulto,Hombre,Muere
crew,Adulto,Hombre,Muere
crew,Adulto,Hombre,Muere
crew,Adulto,Hombre,Muere
crew,Adulto,Hombre,Muere
crew,Adulto,Hombre,Muere
crew,Adulto,Hombre,Muere
crew,Adulto,Hombre,Muere
crew,Adulto,Hombre,Muere
crew,Adulto,Hombre,Muere
crew,Adulto,Hombre,Muere
crew,Adulto,Hombre,Muere
crew,Adulto,Hombre,Muere
crew,Adulto,Hombre,Muere
crew,Adulto,Hombre,Muere
crew,Adulto,Hombre,Muere
crew,Adulto,Hombre,Muere
crew,Adulto,Hombre,Muere
crew,Adulto,Hombre,Muere
crew,Adulto,Hombre,Muere
crew,Adulto,Hombre,Muere
crew,Adulto,Hombre,Muere
crew,Adulto,Hombre,Muere
crew,Adulto,Hombre,Muere
crew,Adulto,Hombre,Muere
crew,Adulto,Hombre,Muere
crew,Adulto,Hombre,Muere
crew,Adulto,Hombre,Muere
crew,Adulto,Hombre,Muere
crew,Adulto,Hombre,Muere
crew,Adulto,Hombre,Muere
crew,Adulto,Hombre,Muere
crew,Adulto,Hombre,Muere
crew,Adulto,Hombre,Muere
crew,Adulto,Hombre,Muere
crew,Adulto,Hombre,Muere
crew,Adulto,Hombre,Muere
crew,Adulto,Hombre,Muere
crew,Adulto,Hombre,Muere
crew,Adulto,Hombre,Muere
crew,Adulto,Hombre,Muere
crew,Adulto,Hombre,Muere
crew,Adulto,Hombre,Muere
crew,Adulto,Hombre,Muere
crew,Adulto,Hombre,Muere
crew,Adulto,Hombre,Muere
crew,Adulto,Hombre,Muere
crew,Adulto,Hombre,Muere
crew,Adulto,Hombre,Muere
crew,Adulto,Hombre,Muere
crew,Adulto,Hombre,Muere
crew,Adulto,Hombre,Muere
crew,Adulto,Hombre,Muere
crew,Adulto,Hombre,Muere
crew,Adulto,Hombre,Muere
crew,Adulto,Hombre,Muere
crew,Adulto,Hombre,Muere
crew,Adulto,Hombre,Muere
crew,Adulto,Hombre,Muere
crew,Adulto,Hombre,Muere
crew,Adulto,Hombre,Muere
crew,Adulto,Hombre,Muere
crew,Adulto,Hombre,Muere
crew,Adulto,Hombre,Muere
crew,Adulto,Hombre,Muere
crew,Adulto,Hombre,Muere
crew,Adulto,Hombre,Muere
crew,Adulto,Hombre,Muere
crew,Adulto,Hombre,Muere
crew,Adulto,Hombre,Muere
crew,Adulto,Hombre,Muere
crew,Adulto,Hombre,Muere
crew,Adulto,Hombre,Muere
crew,Adulto,Hombre,Muere
crew,Adulto,Hombre,Muere
crew,Adulto,Hombre,Muere
crew,Adulto,Hombre,Muere
crew,Adulto,Hombre,Muere
crew,Adulto,Hombre,Muere
crew,Adulto,Hombre,Muere
crew,Adulto,Hombre,Muere
crew,Adulto,Hombre,Muere
crew,Adulto,Hombre,Muere
crew,Adulto,Hombre,Muere
crew,Adulto,Hombre,Muere
crew,Adulto,Hombre,Muere
crew,Adulto,Hombre,Muere
crew,Adulto,Hombre,Muere
crew,Adulto,Hombre,Muere
crew,Adulto,Hombre,Muere
crew,Adulto,Hombre,Muere
crew,Adulto,Hombre,Muere
crew,Adulto,Hombre,Muere
crew,Adulto,Hombre,Muere
crew,Adulto,Hombre,Muere
crew,Adulto,Hombre,Muere
crew,Adulto,Hombre,Muere
crew,Adulto,Hombre,Muere
crew,Adulto,Hombre,Muere
crew,Adulto,Hombre,Muere
crew,Adulto,Hombre,Muere
crew,Adulto,Hombre,Muere
crew,Adulto,Hombre,Muere
crew,Adulto,Hombre,Muere
crew,Adulto,Hombre,Muere
crew,Adulto,Hombre,Muere
crew,Adulto,Hombre,Muere
crew,Adulto,Hombre,Muere
crew,Adulto,Hombre,Muere
crew,Adulto,Hombre,Muere
crew,Adulto,Hombre,Muere
crew,Adulto,Hombre,Muere
crew,Adulto,Hombre,Muere
crew,Adulto,Hombre,Muere
crew,Adulto,Hombre,Muere
crew,Adulto,Hombre,Muere
crew,Adulto,Hombre,Muere
crew,Adulto,Hombre,Muere
crew,Adulto,Hombre,Muere
crew,Adulto,Hombre,Muere
crew,Adulto,Hombre,Muere
crew,Adulto,Hombre,Muere
crew,Adulto,Hombre,Muere
crew,Adulto,Hombre,Muere
crew,Adulto,Hombre,Muere
crew,Adulto,Hombre,Muere
crew,Adulto,Hombre,Muere
crew,Adulto,Hombre,Muere
crew,Adulto,Hombre,Muere
crew,Adulto,Hombre,Muere
crew,Adulto,Hombre,Muere
crew,Adulto,Hombre,Muere
crew,Adulto,Hombre,Muere
crew,Adulto,Hombre,Muere
crew,Adulto,Hombre,Muere
crew,Adulto,Hombre,Muere
crew,Adulto,Hombre,Muere
crew,Adulto,Hombre,Muere
crew,Adulto,Hombre,Muere
crew,Adulto,Hombre,Muere
crew,Adulto,Hombre,Muere
crew,Adulto,Hombre,Muere
crew,Adulto,Hombre,Muere
crew,Adulto,Hombre,Muere
crew,Adulto,Hombre,Muere
crew,Adulto,Hombre,Muere
crew,Adulto,Hombre,Muere
crew,Adulto,Hombre,Muere
crew,Adulto,Hombre,Muere
crew,Adulto,Hombre,Muere
crew,Adulto,Hombre,Muere
crew,Adulto,Hombre,Muere
crew,Adulto,Hombre,Muere
crew,Adulto,Hombre,Muere
crew,Adulto,Hombre,Muere
crew,Adulto,Hombre,Muere
crew,Adulto,Hombre,Muere
crew,Adulto,Hombre,Muere
crew,Adulto,Hombre,Muere
crew,Adulto,Hombre,Muere
crew,Adulto,Hombre,Muere
crew,Adulto,Hombre,Muere
crew,Adulto,Hombre,Muere
crew,Adulto,Hombre,Muere
crew,Adulto,Hombre,Muere
crew,Adulto,Hombre,Muere
crew,Adulto,Hombre,Muere
crew,Adulto,Hombre,Muere
crew,Adulto,Hombre,Muere
crew,Adulto,Hombre,Muere
crew,Adulto,Hombre,Muere
crew,Adulto,Hombre,Muere
crew,Adulto,Hombre,Muere
crew,Adulto,Hombre,Muere
crew,Adulto,Hombre,Muere
crew,Adulto,Hombre,Muere
crew,Adulto,Hombre,Muere
crew,Adulto,Hombre,Muere
crew,Adulto,Hombre,Muere
crew,Adulto,Hombre,Muere
crew,Adulto,Hombre,Muere
crew,Adulto,Hombre,Muere
crew,Adulto,Hombre,Muere
crew,Adulto,Hombre,Muere
crew,Adulto,Hombre,Muere
crew,Adulto,Hombre,Muere
crew,Adulto,Hombre,Muere
crew,Adulto,Hombre,Muere
crew,Adulto,Hombre,Muere
crew,Adulto,Hombre,Muere
crew,Adulto,Hombre,Muere
crew,Adulto,Hombre,Muere
crew,Adulto,Hombre,Muere
crew,Adulto,Hombre,Muere
crew,Adulto,Hombre,Muere
crew,Adulto,Hombre,Muere
crew,Adulto,Hombre,Muere
crew,Adulto,Hombre,Muere
crew,Adulto,Hombre,Muere
crew,Adulto,Hombre,Muere
crew,Adulto,Hombre,Muere
crew,Adulto,Hombre,Muere
crew,Adulto,Hombre,Muere
crew,Adulto,Hombre,Muere
crew,Adulto,Hombre,Muere
crew,Adulto,Hombre,Muere
crew,Adulto,Hombre,Muere
crew,Adulto,Hombre,Muere
crew,Adulto,Hombre,Muere
crew,Adulto,Hombre,Muere
crew,Adulto,Hombre,Muere
crew,Adulto,Hombre,Muere
crew,Adulto,Hombre,Muere
crew,Adulto,Hombre,Muere
crew,Adulto,Hombre,Muere
crew,Adulto,Hombre,Muere
crew,Adulto,Hombre,Muere
crew,Adulto,Hombre,Muere
crew,Adulto,Hombre,Muere
crew,Adulto,Hombre,Muere
crew,Adulto,Hombre,Muere
crew,Adulto,Hombre,Muere
crew,Adulto,Hombre,Muere
crew,Adulto,Hombre,Muere
crew,Adulto,Hombre,Muere
crew,Adulto,Hombre,Muere
crew,Adulto,Hombre,Muere
crew,Adulto,Hombre,Muere
crew,Adulto,Hombre,Muere
crew,Adulto,Hombre,Muere
crew,Adulto,Hombre,Muere
crew,Adulto,Hombre,Muere
crew,Adulto,Hombre,Muere
crew,Adulto,Hombre,Muere
crew,Adulto,Hombre,Muere
crew,Adulto,Hombre,Muere
crew,Adulto,Hombre,Muere
crew,Adulto,Hombre,Muere
crew,Adulto,Hombre,Muere
crew,Adulto,Hombre,Muere
crew,Adulto,Hombre,Muere
crew,Adulto,Hombre,Muere
crew,Adulto,Hombre,Muere
crew,Adulto,Hombre,Muere
crew,Adulto,Hombre,Muere
crew,Adulto,Hombre,Muere
crew,Adulto,Hombre,Muere
crew,Adulto,Hombre,Muere
crew,Adulto,Hombre,Muere
crew,Adulto,Hombre,Muere
crew,Adulto,Hombre,Muere
crew,Adulto,Hombre,Muere
crew,Adulto,Hombre,Muere
crew,Adulto,Hombre,Muere
crew,Adulto,Hombre,Muere
crew,Adulto,Hombre,Muere
crew,Adulto,Hombre,Muere
crew,Adulto,Hombre,Muere
crew,Adulto,Hombre,Muere
crew,Adulto,Hombre,Muere
crew,Adulto,Hombre,Muere
crew,Adulto,Hombre,Muere
crew,Adulto,Hombre,Muere
crew,Adulto,Hombre,Muere
crew,Adulto,Hombre,Muere
crew,Adulto,Hombre,Muere
crew,Adulto,Hombre,Muere
crew,Adulto,Hombre,Muere
crew,Adulto,Hombre,Muere
crew,Adulto,Hombre,Muere
crew,Adulto,Hombre,Muere
crew,Adulto,Hombre,Muere
crew,Adulto,Hombre,Muere
crew,Adulto,Hombre,Muere
crew,Adulto,Hombre,Muere
crew,Adulto,Hombre,Muere
crew,Adulto,Hombre,Muere
crew,Adulto,Hombre,Muere
crew,Adulto,Hombre,Muere
crew,Adulto,Hombre,Muere
crew,Adulto,Hombre,Muere
crew,Adulto,Hombre,Muere
crew,Adulto,Hombre,Muere
crew,Adulto,Hombre,Muere
crew,Adulto,Hombre,Muere
crew,Adulto,Hombre,Muere
crew,Adulto,Hombre,Muere
crew,Adulto,Hombre,Muere
crew,Adulto,Hombre,Muere
crew,Adulto,Hombre,Muere
crew,Adulto,Hombre,Muere
crew,Adulto,Hombre,Muere
crew,Adulto,Hombre,Muere
crew,Adulto,Hombre,Muere
crew,Adulto,Hombre,Muere
crew,Adulto,Hombre,Muere
crew,Adulto,Hombre,Muere
crew,Adulto,Hombre,Muere
crew,Adulto,Hombre,Muere
crew,Adulto,Hombre,Muere
crew,Adulto,Hombre,Muere
crew,Adulto,Hombre,Muere
crew,Adulto,Hombre,Muere
crew,Adulto,Hombre,Muere
crew,Adulto,Hombre,Muere
crew,Adulto,Hombre,Muere
crew,Adulto,Hombre,Muere
crew,Adulto,Hombre,Muere
crew,Adulto,Hombre,Muere
crew,Adulto,Hombre,Muere
crew,Adulto,Hombre,Muere
crew,Adulto,Hombre,Muere
crew,Adulto,Hombre,Muere
crew,Adulto,Hombre,Muere
crew,Adulto,Hombre,Muere
crew,Adulto,Hombre,Muere
crew,Adulto,Hombre,Muere
crew,Adulto,Hombre,Muere
crew,Adulto,Hombre,Muere
crew,Adulto,Hombre,Muere
crew,Adulto,Hombre,Muere
crew,Adulto,Hombre,Muere
crew,Adulto,Hombre,Muere
crew,Adulto,Hombre,Muere
crew,Adulto,Hombre,Muere
crew,Adulto,Hombre,Muere
crew,Adulto,Hombre,Muere
crew,Adulto,Hombre,Muere
crew,Adulto,Hombre,Muere
crew,Adulto,Hombre,Muere
crew,Adulto,Hombre,Muere
crew,Adulto,Hombre,Muere
crew,Adulto,Hombre,Muere
crew,Adulto,Hombre,Muere
crew,Adulto,Hombre,Muere
crew,Adulto,Hombre,Muere
crew,Adulto,Hombre,Muere
crew,Adulto,Hombre,Muere
crew,Adulto,Hombre,Muere
crew,Adulto,Hombre,Muere
crew,Adulto,Hombre,Muere
crew,Adulto,Hombre,Muere
crew,Adulto,Hombre,Muere
crew,Adulto,Hombre,Muere
crew,Adulto,Hombre,Muere
crew,Adulto,Hombre,Muere
crew,Adulto,Hombre,Muere
crew,Adulto,Hombre,Muere
crew,Adulto,Hombre,Muere
crew,Adulto,Hombre,Muere
crew,Adulto,Hombre,Muere
crew,Adulto,Hombre,Muere
crew,Adulto,Hombre,Muere
crew,Adulto,Hombre,Muere
crew,Adulto,Hombre,Muere
crew,Adulto,Hombre,Muere
crew,Adulto,Hombre,Muere
crew,Adulto,Hombre,Muere
crew,Adulto,Hombre,Muere
crew,Adulto,Hombre,Muere
crew,Adulto,Hombre,Muere
crew,Adulto,Hombre,Muere
crew,Adulto,Hombre,Muere
crew,Adulto,Hombre,Muere
crew,Adulto,Hombre,Muere
crew,Adulto,Hombre,Muere
crew,Adulto,Hombre,Muere
crew,Adulto,Hombre,Muere
crew,Adulto,Hombre,Muere
crew,Adulto,Hombre,Muere
crew,Adulto,Hombre,Muere
crew,Adulto,Hombre,Muere
crew,Adulto,Hombre,Muere
crew,Adulto,Hombre,Muere
crew,Adulto,Hombre,Muere
crew,Adulto,Hombre,Muere
crew,Adulto,Hombre,Muere
crew,Adulto,Hombre,Muere
crew,Adulto,Hombre,Muere
crew,Adulto,Hombre,Muere
crew,Adulto,Hombre,Muere
crew,Adulto,Hombre,Muere
crew,Adulto,Hombre,Muere
crew,Adulto,Hombre,Muere
crew,Adulto,Hombre,Muere
crew,Adulto,Hombre,Muere
crew,Adulto,Hombre,Muere
crew,Adulto,Hombre,Muere
crew,Adulto,Hombre,Muere
crew,Adulto,Hombre,Muere
crew,Adulto,Hombre,Muere
crew,Adulto,Hombre,Muere
crew,Adulto,Hombre,Muere
crew,Adulto,Hombre,Muere
crew,Adulto,Hombre,Muere
crew,Adulto,Hombre,Muere
crew,Adulto,Hombre,Muere
crew,Adulto,Hombre,Muere
crew,Adulto,Hombre,Muere
crew,Adulto,Hombre,Muere
crew,Adulto,Hombre,Muere
crew,Adulto,Hombre,Muere
crew,Adulto,Hombre,Muere
crew,Adulto,Hombre,Muere
crew,Adulto,Hombre,Muere
crew,Adulto,Hombre,Muere
crew,Adulto,Hombre,Muere
crew,Adulto,Hombre,Muere
crew,Adulto,Hombre,Muere
crew,Adulto,Hombre,Muere
crew,Adulto,Hombre,Muere
crew,Adulto,Hombre,Muere
crew,Adulto,Hombre,Muere
crew,Adulto,Hombre,Muere
crew,Adulto,Hombre,Muere
crew,Adulto,Hombre,Muere
crew,Adulto,Hombre,Muere
crew,Adulto,Hombre,Muere
crew,Adulto,Hombre,Muere
crew,Adulto,Hombre,Muere
crew,Adulto,Hombre,Muere
crew,Adulto,Hombre,Muere
crew,Adulto,Hombre,Muere
crew,Adulto,Hombre,Muere
crew,Adulto,Hombre,Muere
crew,Adulto,Mujer,Sobrevive
crew,Adulto,Mujer,Sobrevive
crew,Adulto,Mujer,Sobrevive
crew,Adulto,Mujer,Sobrevive
crew,Adulto,Mujer,Sobrevive
crew,Adulto,Mujer,Sobrevive
crew,Adulto,Mujer,Sobrevive
crew,Adulto,Mujer,Sobrevive
crew,Adulto,Mujer,Sobrevive
crew,Adulto,Mujer,Sobrevive
crew,Adulto,Mujer,Sobrevive
crew,Adulto,Mujer,Sobrevive
crew,Adulto,Mujer,Sobrevive
crew,Adulto,Mujer,Sobrevive
crew,Adulto,Mujer,Sobrevive
crew,Adulto,Mujer,Sobrevive
crew,Adulto,Mujer,Sobrevive
crew,Adulto,Mujer,Sobrevive
crew,Adulto,Mujer,Sobrevive
crew,Adulto,Mujer,Sobrevive
crew,Adulto,Mujer,Muere
crew,Adulto,Mujer,Muere
crew,Adulto,Mujer,Muere